title,id
Belem2013DGPS,users/samapriya/Belem/Belem2013DGPS
BelemDG2002MS,users/samapriya/Belem/BelemDG2002MS
BelemDG2002Pan,users/samapriya/Belem/BelemDG2002Pan
BelemDG2009MS,users/samapriya/Belem/BelemDG2009MS
BelemDG2009Pan,users/samapriya/Belem/BelemDG2009Pan
BelemDG2011MS,users/samapriya/Belem/BelemDG2011MS
BelemDG2011Pan,users/samapriya/Belem/BelemDG2011Pan
BelemDG2013MS,users/samapriya/Belem/BelemDG2013MS
BelemDG2013Pan,users/samapriya/Belem/BelemDG2013Pan
BelemDG2015MS,users/samapriya/Belem/BelemDG2015MS
BelemDG2015Pan,users/samapriya/Belem/BelemDG2015Pan
BelemPS,users/samapriya/Belem/BelemPS
BelemRE,users/samapriya/Belem/BelemRE
belem_road,users/samapriya/Belem/belem_road
belem_watercanal,users/samapriya/Belem/belem_watercanal
multispec,users/samapriya/DG/multispec
Wetland_Potential_High_Louisiana,users/samapriya/LouisianaProducts/Wetland_Potential_High_Louisiana
mndwi_binary_atchverm,users/samapriya/MNDWI_Bin/mndwi_binary_atchverm
mndwi_binary_barataria,users/samapriya/MNDWI_Bin/mndwi_binary_barataria
mndwi_binary_calcmerm,users/samapriya/MNDWI_Bin/mndwi_binary_calcmerm
mndwi_binary_terrebonne,users/samapriya/MNDWI_Bin/mndwi_binary_terrebonne
PS4B,users/samapriya/Planet/PS4B
REO,users/samapriya/Planet/REO
2014_Unmixed_LS,users/samapriya/Planet/unm/2014_Unmixed_LS
2014_Unmixed_RE,users/samapriya/Planet/unm/2014_Unmixed_RE
2015_Unmixed_LS,users/samapriya/Planet/unm/2015_Unmixed_LS
2015_Unmixed_RE,users/samapriya/Planet/unm/2015_Unmixed_RE
2016_Unmixed_LS,users/samapriya/Planet/unm/2016_Unmixed_LS
2016_Unmixed_PS,users/samapriya/Planet/unm/2016_Unmixed_PS
2016_Unmixed_RE,users/samapriya/Planet/unm/2016_Unmixed_RE
2016_Unmixed_Sentinel,users/samapriya/Planet/unm/2016_Unmixed_Sentinel
unmixed_binary_atchverm,users/samapriya/Unmixed_Bin/unmixed_binary_atchverm
unmixed_binary_barataria,users/samapriya/Unmixed_Bin/unmixed_binary_barataria
unmixed_binary_calcmerm,users/samapriya/Unmixed_Bin/unmixed_binary_calcmerm
unmixed_binary_terrebonne,users/samapriya/Unmixed_Bin/unmixed_binary_terrebonne
unmixyearly,users/samapriya/Unmixed_Yearly_Products/unmixyearly
unmixyearly00,users/samapriya/Unmixed_Yearly_Products/unmixyearly00
unmixyearly10,users/samapriya/Unmixed_Yearly_Products/unmixyearly10
unmixyearly80,users/samapriya/Unmixed_Yearly_Products/unmixyearly80
unmixyearly90,users/samapriya/Unmixed_Yearly_Products/unmixyearly90
biomass,users/samapriya/biomass
hrsl,users/samapriya/hrsl
ls_unmx_y_med,users/samapriya/la-land-water/ls_unmx_y_med
ls_unmx_y_perc,users/samapriya/la-land-water/ls_unmx_y_perc
lacompcoll,users/samapriya/lacompcoll
mndwi_coll_perHUC_mb,users/samapriya/landwater_indices/mndwi_coll_perHUC_mb
unmix_coll_perHUC_mb,users/samapriya/landwater_indices/unmix_coll_perHUC_mb
planetscope_sr,users/samapriya/open-ca/planetscope_sr
rapideye_ortho,users/samapriya/open-ca/rapideye_ortho
neon_ps4b,users/samapriya/planet-impact/neon_ps4b
neon_ps4b_sr,users/samapriya/planet-impact/neon_ps4b_sr
hyperspec,users/samapriya/satellogic/hyperspec
hyperspec-fm4,users/samapriya/satellogic/hyperspec-fm4
rgb_enhanced,users/samapriya/satellogic/rgb_enhanced
sbTehranMB,users/samapriya/skybox/sbTehranMB
bin_atchverm_mb,users/samapriya/unmix_binary_mb/bin_atchverm_mb
bin_barataria_mb,users/samapriya/unmix_binary_mb/bin_barataria_mb
bin_calcmerm_mb,users/samapriya/unmix_binary_mb/bin_calcmerm_mb
bin_terrebonne_mb,users/samapriya/unmix_binary_mb/bin_terrebonne_mb
unmix_coll_perHUC,users/samapriya/unmix_coll_perHUC
